aggregated_pin_data_done,aggregated_pin_data_saves,board/id,board/image_thumbnail_url,board/is_collaborative,board_name,board/url,carousel_data,created_at,description,description_html,domain,grid_description,grid_title,id,image_height,image/url,image_width,is_eligible_for_pdp,is_native,is_oos_product,is_playable,is_promoted,is_repin,is_stale_product,is_video,is_whitelisted_for_tried_it,link,price_currency,price_value,profile,promoted_is_lead_ad,sourceUrl
3,93838,3.53744E+17,https://i.pinimg.com/upload/353743814420368223_board_thumbnail_2016-06-30-20-20-21_49735_60.jpg,FALSE,Afternoon Treats,/bellinthewoods/afternoon-treats/,,"Thu, 30 Jun 2016 20:20:20 +0000",Kentucky Butter Crunch Cake-Creole Contessa,Kentucky Butter Crunch Cake-Creole Contessa,creolecontessa.com,Kentucky Butter Crunch Cake-Creole Contessa,Kentucky Butter Crunch Cake - Creole Contessa,3.53744E+17,2200,https://i.pinimg.com/originals/47/78/0f/47780f10d8be181880e4ab11c3c2c3d3.jpg,720,FALSE,FALSE,FALSE,FALSE,FALSE,TRUE,FALSE,FALSE,TRUE,http://creolecontessa.com/2016/06/kentucky-butter-crunch-cake/,USD,0,bellinthewoods,FALSE,https://www.pinterest.com/bellinthewoods
8,82156,3.53744E+17,https://i.pinimg.com/upload/353743814420368223_board_thumbnail_2016-06-30-20-20-21_49735_60.jpg,FALSE,Afternoon Treats,/bellinthewoods/afternoon-treats/,,"Thu, 02 Jun 2016 07:33:14 +0000",Salted Caramel Apple Hand Pies #recipe on justataste.com,"Salted Caramel Apple Hand Pies <a class=""pintag searchlink"" data-query=""%23recipe"" data-type=""hashtag"" href=""/search/?q=%23recipe&rs=hashtag"" rel=""nofollow"" title=""#recipe search Pinterest"">#recipe</a> on <a href=""http://justataste.com"" rel=""nofollow"" target=""_blank"">justataste.com</a>",justataste.com,Salted Caramel Apple Hand Pies #Recipe On Justataste.Com,Salted Caramel Apple Hand Pies - Just a Taste,3.53744E+17,1790,https://i.pinimg.com/originals/bb/98/b7/bb98b789aec73397b2e520acb02dcff3.jpg,580,FALSE,FALSE,FALSE,FALSE,FALSE,TRUE,FALSE,FALSE,TRUE,http://www.justataste.com/2012/09/salted-caramel-apple-hand-pies-recipe/,USD,0,bellinthewoods,FALSE,https://www.pinterest.com/bellinthewoods
0,181,3.53744E+17,https://i.pinimg.com/upload/353743814420415367_board_thumbnail_2016-05-19-07-18-02_7313_60.jpg,FALSE,The Third B,/bellinthewoods/the-third-b/,,"Fri, 04 Sep 2015 05:02:47 +0000",eco friendly bathroom,eco friendly bathroom,uploaded by user,Eco Friendly Bathroom,No gird_title,3.53744E+17,451,https://i.pinimg.com/originals/c7/94/3b/c7943b4f7f9d9b64ec76bafb9afafa82.jpg,360,FALSE,FALSE,FALSE,FALSE,FALSE,TRUE,FALSE,FALSE,TRUE,No link,USD,0,bellinthewoods,FALSE,https://www.pinterest.com/bellinthewoods
0,10540,3.53744E+17,https://i.pinimg.com/upload/353743814420415367_board_thumbnail_2016-05-19-07-18-02_7313_60.jpg,FALSE,The Third B,/bellinthewoods/the-third-b/,,"Fri, 04 Sep 2015 05:02:21 +0000",Bubble Tile - LOVE,Bubble Tile - LOVE,picsroll.com,Bubble Tile - Love,HugeDomains.com,3.53744E+17,300,https://i.pinimg.com/originals/d4/3c/ec/d43cec0c86b6dc70463e9dca0cc60fd3.jpg,400,FALSE,FALSE,FALSE,FALSE,FALSE,TRUE,FALSE,FALSE,TRUE,http://www.picsroll.com/2009/11/bathroom-kitchen-tiles-designs.html,USD,0,bellinthewoods,FALSE,https://www.pinterest.com/bellinthewoods
0,49391,3.53744E+17,https://i.pinimg.com/upload/353743814420415367_board_thumbnail_2016-05-19-07-18-02_7313_60.jpg,FALSE,The Third B,/bellinthewoods/the-third-b/,,"Fri, 04 Sep 2015 05:02:12 +0000",Leaf & flower glass mosaic,Leaf &amp; flower glass mosaic,best-design.livejournal.com,Leaf & Flower Glass Mosaic,Уникальная мозаика Tiles от Vetrovivo,3.53744E+17,569,https://i.pinimg.com/originals/d6/c4/80/d6c480241cafdbacefc240025f328582.jpg,470,FALSE,FALSE,FALSE,FALSE,FALSE,TRUE,FALSE,FALSE,TRUE,http://best-design.livejournal.com/57439.html,USD,0,bellinthewoods,FALSE,https://www.pinterest.com/bellinthewoods
0,2,3.53744E+17,https://i.pinimg.com/upload/353743814420338279_board_thumbnail_2016-05-19-05-11-17_18514_60.jpg,FALSE,What we love,/bellinthewoods/what-we-love/,,"Thu, 03 Sep 2015 06:01:12 +0000",Related image,Related image,google.com,Related Image,No gird_title,3.53744E+17,256,https://i.pinimg.com/originals/12/4f/09/124f099f6a39a80965b0407443e9b9c0.jpg,197,FALSE,FALSE,FALSE,FALSE,FALSE,FALSE,FALSE,FALSE,TRUE,https://www.google.com/search?q=short+haircuts&client=safari&hl=en&prmd=isvn&tbm=isch&tbo=u&source=univ&fir=KcDdDNxgY7pKFM%253A%252CV9OwZxeex_A22M%252C_%253BE8EFg-_Ae26D7M%253A%252C1SicOrHpsAZJ_M%252C_%253BdQVWXkGrEKlzWM%253A%252CM5VtA9EoBZ-LIM%252C_%253BFlFhWPFayoJN0M%253A%252CBNTzbYZNlBfk4M%252C_%253B0ylHun9vV1-9oM%253A%252CV9OwZxeex_A22M%252C_%253BA5VKM9nK1_dGmM%253A%252CM5VtA9EoBZ-LIM%252C_%253BvkPRAB3FjkD9xM%253A%252CL9bgv_mus9eEEM%252C_%253Bh0WYkc6u0HMACM%253A%252CLArgrA6snAtfAM%252C_%253B7QVmUmorwIQg-M%253A%252CIy5MSroKXmuKBM%252C_%253B56N0WQ_NPoyjuM%253A%252CVwNOBYYAtfEr9M%252C_&sa=X&ved=0CCgQ7AlqFQoTCLSEgsOW2scCFUyciAodOOMHAQ&biw=414&bih=696&dpr=3&usg=__yTZVx9xCpNtwOGPditp4Mcetj_4%3D#imgrc=0X_sIUfg7WiW1M:&usg=__yTZVx9xCpNtwOGPditp4Mcetj_4=,USD,0,bellinthewoods,FALSE,https://www.pinterest.com/bellinthewoods
0,2567,3.53744E+17,https://i.pinimg.com/upload/353743814420338279_board_thumbnail_2016-05-19-05-11-17_18514_60.jpg,FALSE,What we love,/bellinthewoods/what-we-love/,,"Wed, 02 Sep 2015 19:49:13 +0000","Artisan: Custom Concrete Design, Location: When Pigs Fly, Kittery, Maine","Artisan: Custom Concrete Design, Location: When Pigs Fly, Kittery, Maine",concretedecor.net,"Artisan: Custom Concrete Design, Location: When Pigs Fly, Kittery, Maine",Raising the Concrete Bartop in New England - Concrete Decor,3.53744E+17,604,https://i.pinimg.com/originals/b4/65/45/b46545798100e16f990f6c3b295563e6.jpg,500,FALSE,FALSE,FALSE,FALSE,FALSE,TRUE,FALSE,FALSE,TRUE,http://www.concretedecor.net/decorativeconcretearticles/vol-12-no-1-january-2012/project-profiles-three-bar-tops-new-england/,USD,0,bellinthewoods,FALSE,https://www.pinterest.com/bellinthewoods
0,105649,3.53744E+17,https://i.pinimg.com/upload/353743814420338279_board_thumbnail_2016-05-19-05-11-17_18514_60.jpg,FALSE,What we love,/bellinthewoods/what-we-love/,,"Wed, 02 Sep 2015 19:48:53 +0000","This is a great way to create an outdoor kitchen on the cheap. I'd estimate it would cost us about $200 to recreate this for our space (with one extra side visible since we don't have a corner like this) - stone veneer, plywood, and stain and concrete for countertops (which I would prefer over the granite in the photo).","This is a great way to create an outdoor kitchen on the cheap. I&#39;d estimate it would cost us about $200 to recreate this for our space (with one extra side visible since we don&#39;t have a corner like this) - stone veneer, plywood, and stain and concrete for countertops (which I would prefer over the granite in the photo).",goodideasforyou.com,"This Is A Great Way To Create An Outdoor Kitchen On The Cheap. I'D Estimate It Would Cost Us About $200 To Recreate This For Our Space (With One Extra Side Visible Since We Don'T Have A Corner Like This) - Stone Veneer, Plywood, And Stain And Concrete For Countertops (Which I Would Prefer Over The Granite In The Photo).",goodideasforyou.com,3.53744E+17,500,https://i.pinimg.com/originals/40/05/41/40054180502504a93a3b40cc782866e2.jpg,667,FALSE,FALSE,FALSE,FALSE,FALSE,TRUE,FALSE,FALSE,TRUE,http://goodideasforyou.com/ideas-a-inspirations/summer-a-gardening/patio-a-balcony-ideas.html,USD,200,bellinthewoods,FALSE,https://www.pinterest.com/bellinthewoods
0,8466,3.53744E+17,https://i.pinimg.com/upload/353743814420338279_board_thumbnail_2016-05-19-05-11-17_18514_60.jpg,FALSE,What we love,/bellinthewoods/what-we-love/,,"Wed, 02 Sep 2015 19:48:02 +0000",Concrete Countertop Design for Kitchen Countertop. Drainboard integrated,Concrete Countertop Design for Kitchen Countertop. Drainboard integrated,theconcretewhisperer.com,Concrete Countertop Design For Kitchen Countertop. Drainboard Integrated,HugeDomains.com,3.53744E+17,298,https://i.pinimg.com/originals/c4/ea/22/c4ea22b83321943dac82ef3cfa484d7e.jpg,298,FALSE,FALSE,FALSE,FALSE,FALSE,TRUE,FALSE,FALSE,TRUE,http://www.theconcretewhisperer.com/,USD,0,bellinthewoods,FALSE,https://www.pinterest.com/bellinthewoods
0,28475,3.53744E+17,https://i.pinimg.com/upload/353743814420415367_board_thumbnail_2016-05-19-07-18-02_7313_60.jpg,FALSE,The Third B,/bellinthewoods/the-third-b/,,"Wed, 02 Sep 2015 19:47:28 +0000",Custom bathroom designs | Urban Concrete Countertops made here in Edmonton!,Custom bathroom designs | Urban Concrete Countertops made here in Edmonton!,urbanconcretecountertops.com,Custom Bathroom Designs | Urban Concrete Countertops Made Here In Edmonton!,Urban Concrete Designs - Premium Concrete Cladding,3.53744E+17,887,https://i.pinimg.com/originals/a4/94/84/a4948487bcb316d2cbf85a9e91217b97.jpg,640,FALSE,FALSE,FALSE,FALSE,FALSE,TRUE,FALSE,FALSE,TRUE,http://urbanconcretecountertops.com/portfolio/custom-bathroom-designs,USD,0,bellinthewoods,FALSE,https://www.pinterest.com/bellinthewoods
0,1,3.53744E+17,https://i.pinimg.com/upload/353743814420338279_board_thumbnail_2016-05-19-05-11-17_18514_60.jpg,FALSE,What we love,/bellinthewoods/what-we-love/,,"Wed, 12 Aug 2015 01:42:27 +0000",A Backyard Cabin,A Backyard Cabin,uploaded by user,A Backyard Cabin,No gird_title,3.53744E+17,859,https://i.pinimg.com/originals/ce/de/2e/cede2eb43f3a21ba8703f5afb0b9226c.jpg,541,FALSE,FALSE,FALSE,FALSE,FALSE,FALSE,FALSE,FALSE,TRUE,No link,USD,0,bellinthewoods,FALSE,https://www.pinterest.com/bellinthewoods
0,408,3.53744E+17,https://i.pinimg.com/upload/353743814420415370_board_thumbnail_2016-05-19-07-18-19_35378_60.jpg,FALSE,Porch party,/bellinthewoods/porch-party/,,"Thu, 06 Aug 2015 01:28:44 +0000",How to Build a Joggling Board I Custom Living DIY,How to Build a Joggling Board I Custom Living DIY,tmdarchitects.com,How To Build A Joggling Board I Custom Living Diy,Maintenance mode,3.53744E+17,225,https://i.pinimg.com/originals/e0/e6/d2/e0e6d2da06751ca9af6af7d76974b396.jpg,300,FALSE,FALSE,FALSE,FALSE,FALSE,TRUE,FALSE,FALSE,TRUE,http://tmdarchitects.com/blog/how-to-build-a-joggling-board/,USD,0,bellinthewoods,FALSE,https://www.pinterest.com/bellinthewoods
0,83704,3.53744E+17,https://i.pinimg.com/upload/353743814420415367_board_thumbnail_2016-05-19-07-18-02_7313_60.jpg,FALSE,The Third B,/bellinthewoods/the-third-b/,,"Thu, 06 Aug 2015 01:26:19 +0000",#bathroom styling..,"<a class=""pintag"" href=""/explore/bathroom/"" title=""#bathroom explore Pinterest"">#bathroom</a> styling..",remodelista.com,#Bathroom Styling..,Vote for the Best Bath in the Remodelista Considered Design Awards: Amateur Category - Remodelista,3.53744E+17,1100,https://i.pinimg.com/originals/0e/bb/96/0ebb9607cf4db13eafc3ec54db5b712b.jpg,733,FALSE,FALSE,FALSE,FALSE,FALSE,TRUE,FALSE,FALSE,TRUE,http://www.remodelista.com/posts/vote-for-the-best-bath-in-the-remodelista-considered-design-awards-2015-amateur-category,USD,0,bellinthewoods,FALSE,https://www.pinterest.com/bellinthewoods
1,4832,3.53744E+17,https://i.pinimg.com/upload/353743814420361951_board_thumbnail_2016-05-19-06-02-48_16005_60.jpg,FALSE,Sweet breakfasts,/bellinthewoods/sweet-breakfasts/,,"Tue, 04 Aug 2015 03:37:40 +0000","Fresh Peach Pie ""Pop Tarts""",Fresh Peach Pie &quot;Pop Tarts&quot;,azgrabaplate.com,"Fresh Peach Pie ""Pop Tarts""","Fresh Peach Pie ""Pop Tarts""",3.53744E+17,600,https://i.pinimg.com/originals/e0/72/18/e072183b51a4f30621f844804d045d90.jpg,446,FALSE,FALSE,FALSE,FALSE,FALSE,FALSE,FALSE,FALSE,TRUE,http://www.azgrabaplate.com/2013/05/fresh-peach-pie-pop-tarts.html,USD,0,bellinthewoods,FALSE,https://www.pinterest.com/bellinthewoods
1,15816,3.53744E+17,https://i.pinimg.com/upload/353743814420361951_board_thumbnail_2016-05-19-06-02-48_16005_60.jpg,FALSE,Sweet breakfasts,/bellinthewoods/sweet-breakfasts/,,"Tue, 04 Aug 2015 03:34:37 +0000","This is my favorite peach muffin recipe! Buttery and moist, these muffins are heavy on the crumb topping and glaze.","This is my favorite peach muffin recipe! Buttery and moist, these muffins are heavy on the crumb topping and glaze.",sallysbakingaddiction.com,"This Is My Favorite Peach Muffin Recipe! Buttery And Moist, These Muffins Are Heavy On The Crumb Topping And Glaze.",Peach Muffins Recipe (Video) - Sally's Baking Addiction,3.53744E+17,2000,https://i.pinimg.com/originals/1c/20/7a/1c207ad92a76746cbeaf402ab67f37af.jpg,552,FALSE,FALSE,FALSE,FALSE,FALSE,TRUE,FALSE,FALSE,TRUE,http://sallysbakingaddiction.com/2014/07/06/peach-streusel-muffins/,USD,0,bellinthewoods,FALSE,https://www.pinterest.com/bellinthewoods
0,6644,3.53744E+17,https://i.pinimg.com/upload/353743814420368223_board_thumbnail_2016-06-30-20-20-21_49735_60.jpg,FALSE,Afternoon Treats,/bellinthewoods/afternoon-treats/,,"Mon, 03 Aug 2015 19:26:48 +0000","Peaches n Cream Cake | Slice into summer with this heavenly Peach Cake, dappled with fresh ripe peaches and drizzled with sweet cream glaze! | From: aspicyperspective...","Peaches n Cream Cake | Slice into summer with this heavenly Peach Cake, dappled with fresh ripe peaches and drizzled with sweet cream glaze! | From: aspicyperspective...",aspicyperspective.com,"Peaches N Cream Cake | Slice Into Summer With This Heavenly Peach Cake, Dappled With Fresh Ripe Peaches And Drizzled With Sweet Cream Glaze! | From: Aspicyperspective...",No gird_title,3.53744E+17,900,https://i.pinimg.com/originals/fc/53/15/fc5315a215c4009dcf495a1c506f9194.jpg,600,FALSE,FALSE,FALSE,FALSE,FALSE,TRUE,FALSE,FALSE,TRUE,http://www.aspicyperspective.com/2013/05/peach-cake.html,USD,0,bellinthewoods,FALSE,https://www.pinterest.com/bellinthewoods
0,1381,3.53744E+17,https://i.pinimg.com/upload/353743814420361956_board_thumbnail_2016-05-19-05-55-38_98212_60.jpg,FALSE,Savory breakfasts,/bellinthewoods/savory-breakfasts/,,"Sun, 02 Aug 2015 02:31:33 +0000",Basque-Style Baked Eggs Recipe Make this sophisticated egg dish from Alain Ducasse,Basque-Style Baked Eggs Recipe Make this sophisticated egg dish from Alain Ducasse,foodrepublic.com,Basque-Style Baked Eggs Recipe Make This Sophisticated Egg Dish From Alain Ducasse,Basque-Style Baked Eggs Recipe - Food Republic,3.53744E+17,434,https://i.pinimg.com/originals/61/49/90/6149905cebcfa65b0a5a52732a6b4307.jpg,620,FALSE,FALSE,FALSE,FALSE,FALSE,TRUE,FALSE,FALSE,TRUE,http://www.foodrepublic.com/2012/03/24/basque-style-baked-eggs-recipe,USD,0,bellinthewoods,FALSE,https://www.pinterest.com/bellinthewoods
0,415,3.53744E+17,https://i.pinimg.com/upload/353743814420361951_board_thumbnail_2016-05-19-06-02-48_16005_60.jpg,FALSE,Sweet breakfasts,/bellinthewoods/sweet-breakfasts/,,"Sun, 02 Aug 2015 02:31:27 +0000",Whole Grain Honey Cornmeal Pancakes - my new favorite!,Whole Grain Honey Cornmeal Pancakes - my new favorite!,yestoyum.com,Whole Grain Honey Cornmeal Pancakes - My New Favorite!,Loading...,3.53744E+17,900,https://i.pinimg.com/originals/b2/60/c4/b260c491bd3f39f9c7e8483ef055fdcf.jpg,600,FALSE,FALSE,FALSE,FALSE,FALSE,TRUE,FALSE,FALSE,TRUE,http://yestoyum.com/2014/03/24/whole-grain-honey-cornmeal-pancakes/,USD,0,bellinthewoods,FALSE,https://www.pinterest.com/bellinthewoods
0,1404,3.53744E+17,https://i.pinimg.com/upload/353743814420361951_board_thumbnail_2016-05-19-06-02-48_16005_60.jpg,FALSE,Sweet breakfasts,/bellinthewoods/sweet-breakfasts/,,"Sun, 02 Aug 2015 02:31:22 +0000",Pancetta & Gruyere Breakfast Pizza | 18 Breakfast Pizzas That Want To Wake Up Next To You,Pancetta &amp; Gruyere Breakfast Pizza | 18 Breakfast Pizzas That Want To Wake Up Next To You,buzzfeed.com,Pancetta & Gruyere Breakfast Pizza | 18 Breakfast Pizzas That Want To Wake Up Next To You,18 Breakfast Pizzas That Want To Wake Up Next To You,3.53744E+17,834,https://i.pinimg.com/originals/8c/fb/d1/8cfbd1e7b2b84cdcc67fab62e5883c4d.jpg,590,FALSE,FALSE,FALSE,FALSE,FALSE,TRUE,FALSE,FALSE,TRUE,http://www.buzzfeed.com/rachelysanders/good-morning-pizza,USD,0,bellinthewoods,FALSE,https://www.pinterest.com/bellinthewoods
1,99826,3.53744E+17,https://i.pinimg.com/upload/353743814420361951_board_thumbnail_2016-05-19-06-02-48_16005_60.jpg,FALSE,Sweet breakfasts,/bellinthewoods/sweet-breakfasts/,,"Sun, 02 Aug 2015 02:31:15 +0000","Peaches and Cream French Toast Recipe ~ Make Ahead Breakfast... Says: this comes from her favorite bed and breakfast cookbook, Recipes From the Watson House.","Peaches and Cream French Toast Recipe ~ Make Ahead Breakfast... Says: this comes from her favorite bed and breakfast cookbook, Recipes From the Watson House.",aliceandthemockturtle.blogspot.com,"Peaches And Cream French Toast Recipe ~ Make Ahead Breakfast... Says: This Comes From Her Favorite Bed And Breakfast Cookbook, Recipes From The Watson House.",Peaches and Cream French Toast~ Make Ahead Breakfast,3.53744E+17,600,https://i.pinimg.com/originals/66/cb/e6/66cbe6a12289b7f1b53180d50c5a1283.jpg,378,FALSE,FALSE,FALSE,FALSE,FALSE,TRUE,FALSE,FALSE,TRUE,http://aliceandthemockturtle.blogspot.com/2012/01/peaches-and-cream-french-toast-make.html,USD,0,bellinthewoods,FALSE,https://www.pinterest.com/bellinthewoods
0,27451,3.53744E+17,https://i.pinimg.com/upload/353743814420361956_board_thumbnail_2016-05-19-05-55-38_98212_60.jpg,FALSE,Savory breakfasts,/bellinthewoods/savory-breakfasts/,,"Sun, 02 Aug 2015 02:31:09 +0000","Ina Garten's Buttermilk Cheddar Biscuits *Easy to make, flaky and moist, and bursting w/ flavor!","Ina Garten&#39;s Buttermilk Cheddar Biscuits *Easy to make, flaky and moist, and bursting w/ flavor!",girlichef.com,"Ina Garten'S Buttermilk Cheddar Biscuits *Easy To Make, Flaky And Moist, And Bursting W/ Flavor!",Buttermilk Cheddar Biscuits - 50 Women Game-Changers (in Food): #39 Ina Garten,3.53744E+17,550,https://i.pinimg.com/originals/09/bf/18/09bf1863af975477ec46677f3fa7fc57.jpg,368,FALSE,FALSE,FALSE,FALSE,FALSE,TRUE,FALSE,FALSE,TRUE,http://www.girlichef.com/2012/03/50-women-game-changers-in-food-39-ina.html?utm_source=feedburner&utm_medium=feed&utm_campaign=Feed:+girlichef+(girlichef)&utm_content=Google+Reader,USD,0,bellinthewoods,FALSE,https://www.pinterest.com/bellinthewoods
0,56263,3.53744E+17,https://i.pinimg.com/upload/353743814420361951_board_thumbnail_2016-05-19-06-02-48_16005_60.jpg,FALSE,Sweet breakfasts,/bellinthewoods/sweet-breakfasts/,,"Sun, 02 Aug 2015 02:31:03 +0000",Blueberry Lemon Sweet Rolls,Blueberry Lemon Sweet Rolls,bestfoodcloud.com,Blueberry Lemon Sweet Rolls,Blueberry Lemon Sweet Rolls,3.53744E+17,1600,https://i.pinimg.com/originals/2e/08/de/2e08de19f2a64a8e601b40d63c223842.jpg,483,FALSE,FALSE,FALSE,FALSE,FALSE,TRUE,FALSE,FALSE,TRUE,http://www.bestfoodcloud.com/2013/09/blueberry-lemon-sweet-rolls.html,USD,0,bellinthewoods,FALSE,https://www.pinterest.com/bellinthewoods
0,7560,3.53744E+17,https://i.pinimg.com/upload/353743814420361951_board_thumbnail_2016-05-19-06-02-48_16005_60.jpg,FALSE,Sweet breakfasts,/bellinthewoods/sweet-breakfasts/,,"Sun, 02 Aug 2015 02:30:58 +0000",Strawberry Pancakes + Fresh Berries,Strawberry Pancakes + Fresh Berries,feedly.com,Strawberry Pancakes + Fresh Berries,Pancakes with strawberries - whatshouldieatforbreakfasttoday,3.53744E+17,1002,https://i.pinimg.com/originals/e4/d8/82/e4d8825dde66f8cad316a94988366cab.jpg,790,FALSE,FALSE,FALSE,FALSE,FALSE,TRUE,FALSE,FALSE,TRUE,http://feedly.com/e/xS8b9d0f,USD,0,bellinthewoods,FALSE,https://www.pinterest.com/bellinthewoods
0,4247,3.53744E+17,https://i.pinimg.com/upload/353743814420361956_board_thumbnail_2016-05-19-05-55-38_98212_60.jpg,FALSE,Savory breakfasts,/bellinthewoods/savory-breakfasts/,,"Sun, 02 Aug 2015 02:30:52 +0000","cherry tomato, prosciutto, and ricotta frittata","cherry tomato, prosciutto, and ricotta frittata",cannellevanille.com,"Cherry Tomato, Prosciutto, And Ricotta Frittata","Cherry tomato, prosciutto and ricotta fritatta :: Cannelle et Vanille",3.53744E+17,975,https://i.pinimg.com/originals/69/e9/7f/69e97f3cbfd490fd14aa89054041d5e3.jpg,650,FALSE,FALSE,FALSE,FALSE,FALSE,TRUE,FALSE,FALSE,TRUE,http://www.cannellevanille.com/gluten-free/cherry-tomato-prosciutto-and-ricotta-fritatta/,USD,0,bellinthewoods,FALSE,https://www.pinterest.com/bellinthewoods
0,4885,3.53744E+17,https://i.pinimg.com/upload/353743814420361956_board_thumbnail_2016-05-19-05-55-38_98212_60.jpg,FALSE,Savory breakfasts,/bellinthewoods/savory-breakfasts/,,"Sun, 02 Aug 2015 02:30:47 +0000",artichoke frittata.,artichoke frittata.,passportsandpancakes.com,Artichoke Frittata.,passportsandpancakes.com,3.53744E+17,1000,https://i.pinimg.com/originals/82/f2/9e/82f29ea74238cd99ce6e0ff87956de84.jpg,667,FALSE,FALSE,FALSE,FALSE,FALSE,TRUE,FALSE,FALSE,TRUE,http://www.passportsandpancakes.com/blog/2013/2/19/artichoke-frittata.html,USD,0,bellinthewoods,FALSE,https://www.pinterest.com/bellinthewoods
0,19,3.53744E+17,https://i.pinimg.com/upload/353743814420361956_board_thumbnail_2016-05-19-05-55-38_98212_60.jpg,FALSE,Savory breakfasts,/bellinthewoods/savory-breakfasts/,,"Sun, 02 Aug 2015 02:30:33 +0000",// Chive and Brie Frittata,// Chive and Brie Frittata,heatherchristo.com,// Chive And Brie Frittata,Chive and Brie Frittata - Heather Christo,3.53744E+17,500,https://i.pinimg.com/originals/31/c1/ed/31c1ed5e6ec7bca9e575d3f70252f637.jpg,333,FALSE,FALSE,FALSE,FALSE,FALSE,TRUE,FALSE,FALSE,TRUE,http://www.heatherchristo.com/cooks/2013/05/10/chive-and-brie-frittata/,USD,0,bellinthewoods,FALSE,https://www.pinterest.com/bellinthewoods
4,28249,3.53744E+17,https://i.pinimg.com/upload/353743814420368223_board_thumbnail_2016-06-30-20-20-21_49735_60.jpg,FALSE,Afternoon Treats,/bellinthewoods/afternoon-treats/,,"Sat, 01 Aug 2015 00:50:48 +0000",JEWISH BLUEBERRY SOUR CREAM BUNDT CAKE. This cake is so moist and packed with fresh blueberries. Easy to make! Serve with vanilla ice cream and you've got a real crowd-pleaser. It just may become a new family favorite!,JEWISH BLUEBERRY SOUR CREAM BUNDT CAKE. This cake is so moist and packed with fresh blueberries. Easy to make! Serve with vanilla ice cream and you&#39;ve got a real crowd-pleaser. It just may become a new family favorite!,yourpartytunedup.com,Jewish Blueberry Sour Cream Bundt Cake. This Cake Is So Moist And Packed With Fresh Blueberries. Easy To Make! Serve With Vanilla Ice Cream And You'Ve Got A Real Crowd-Pleaser. It Just May Become A New Family Favorite!,Jewish Blueberry Sour Cream Bundt Cake,3.53744E+17,1223,https://i.pinimg.com/originals/e6/61/80/e66180e46fd04a1fa2cce901b1c1921a.jpg,414,FALSE,FALSE,FALSE,FALSE,FALSE,TRUE,FALSE,FALSE,TRUE,http://www.yourpartytunedup.com/jewish-blueberry-sour-cream-bundt/,USD,0,bellinthewoods,FALSE,https://www.pinterest.com/bellinthewoods
0,521,3.53744E+17,https://i.pinimg.com/upload/353743814420361956_board_thumbnail_2016-05-19-05-55-38_98212_60.jpg,FALSE,Savory breakfasts,/bellinthewoods/savory-breakfasts/,,"Fri, 31 Jul 2015 14:04:54 +0000",Fried egg dosa with potato curry :: Gourmet Traveller Magazine Mobile,Fried egg dosa with potato curry :: Gourmet Traveller Magazine Mobile,m.gourmettraveller.com.au,Fried Egg Dosa With Potato Curry :: Gourmet Traveller Magazine Mobile,Fried egg dosa with potato curry,3.53744E+17,733,https://i.pinimg.com/originals/44/5c/9b/445c9b85e434dc9f7c29f8c7114ec757.jpg,628,FALSE,FALSE,FALSE,FALSE,FALSE,FALSE,FALSE,FALSE,TRUE,http://m.gourmettraveller.com.au/recipes/recipe-search/feature-recipe/2013/3/fried-egg-dosa-with-potato-curry/,USD,0,bellinthewoods,FALSE,https://www.pinterest.com/bellinthewoods
5,15611,3.53744E+17,https://i.pinimg.com/upload/353743814420361956_board_thumbnail_2016-05-19-05-55-38_98212_60.jpg,FALSE,Savory breakfasts,/bellinthewoods/savory-breakfasts/,,"Thu, 09 Jul 2015 07:09:10 +0000",NYT Cooking: Shakshuka With Feta,NYT Cooking: Shakshuka With Feta,cooking.nytimes.com,Nyt Cooking: Shakshuka With Feta,Shakshuka With Feta Recipe,3.53744E+17,1152,https://i.pinimg.com/originals/a5/ba/95/a5ba953d970c532dab723e4e2ff192a0.jpg,2048,FALSE,FALSE,FALSE,FALSE,FALSE,TRUE,FALSE,FALSE,TRUE,http://cooking.nytimes.com/recipes/1014721-shakshuka-with-feta,USD,0,bellinthewoods,FALSE,https://www.pinterest.com/bellinthewoods
0,2823,3.53744E+17,https://i.pinimg.com/upload/353743814420368223_board_thumbnail_2016-06-30-20-20-21_49735_60.jpg,FALSE,Afternoon Treats,/bellinthewoods/afternoon-treats/,,"Thu, 09 Jul 2015 07:08:40 +0000",Raspberry and Vanilla Bean Friands,Raspberry and Vanilla Bean Friands,butterandbrioche.com,Raspberry And Vanilla Bean Friands,Raspberry and Vanilla Bean Friands,3.53744E+17,1024,https://i.pinimg.com/originals/d2/7f/ea/d27fea7421153949cffd79beb00ea662.jpg,682,FALSE,FALSE,FALSE,FALSE,FALSE,TRUE,FALSE,FALSE,TRUE,http://www.butterandbrioche.com/raspberry-vanilla-bean-friands/,USD,0,bellinthewoods,FALSE,https://www.pinterest.com/bellinthewoods
3,292485,3.53744E+17,https://i.pinimg.com/upload/353743814420361956_board_thumbnail_2016-05-19-05-55-38_98212_60.jpg,FALSE,Savory breakfasts,/bellinthewoods/savory-breakfasts/,,"Fri, 26 Jun 2015 02:46:38 +0000",Pommes de terre,Pommes de terre,redstarrecipe.com,Pommes De Terre,Home - Red Star Recipe,3.53744E+17,1600,https://i.pinimg.com/originals/14/82/7f/14827f40a20e873d7a4ac63705331cff.jpg,378,FALSE,FALSE,FALSE,FALSE,FALSE,TRUE,FALSE,FALSE,TRUE,http://www.redstarrecipe.com/2013/09/lil-pomme-anna.html,USD,0,bellinthewoods,FALSE,https://www.pinterest.com/bellinthewoods
1,12666,3.53744E+17,https://i.pinimg.com/upload/353743814420368223_board_thumbnail_2016-06-30-20-20-21_49735_60.jpg,FALSE,Afternoon Treats,/bellinthewoods/afternoon-treats/,,"Mon, 22 Jun 2015 14:29:51 +0000",Chunky Apple Cake Recipe from Taste of Home,Chunky Apple Cake Recipe from Taste of Home,tasteofhome.com,Chunky Apple Cake Recipe From Taste Of Home,Chunky Apple Cake,3.53744E+17,300,https://i.pinimg.com/originals/c5/f3/92/c5f39234d2c3fe00d0d4eb56a151650b.jpg,300,FALSE,FALSE,FALSE,FALSE,FALSE,TRUE,FALSE,FALSE,TRUE,http://www.tasteofhome.com/recipes/chunky-apple-cake,USD,0,bellinthewoods,FALSE,https://www.pinterest.com/bellinthewoods
0,884,3.53744E+17,https://i.pinimg.com/upload/353743814420368223_board_thumbnail_2016-06-30-20-20-21_49735_60.jpg,FALSE,Afternoon Treats,/bellinthewoods/afternoon-treats/,,"Mon, 22 Jun 2015 14:29:19 +0000",Kentucky Butter Cake,Kentucky Butter Cake,allrecipes.com,Kentucky Butter Cake,Kentucky Butter Cake,3.53744E+17,250,https://i.pinimg.com/originals/9f/4a/ed/9f4aed128687746bd5918630faa50a3e.jpg,250,FALSE,FALSE,FALSE,FALSE,FALSE,TRUE,FALSE,FALSE,TRUE,http://allrecipes.com/recipe/kentucky-butter-cake/detail.aspx,USD,0,bellinthewoods,FALSE,https://www.pinterest.com/bellinthewoods
1,1756,3.53744E+17,https://i.pinimg.com/upload/353743814420368223_board_thumbnail_2016-06-30-20-20-21_49735_60.jpg,FALSE,Afternoon Treats,/bellinthewoods/afternoon-treats/,,"Mon, 22 Jun 2015 14:27:30 +0000","Dutch Butter Cake. Only 4 ingredients, and everyone always raves over it!! #recipe","Dutch Butter Cake. Only 4 ingredients, and everyone always raves over it!! <a class=""pintag searchlink"" data-query=""%23recipe"" data-type=""hashtag"" href=""/search/?q=%23recipe&rs=hashtag"" rel=""nofollow"" title=""#recipe search Pinterest"">#recipe</a>",kevinandamanda.com,"Dutch Butter Cake. Only 4 Ingredients, And Everyone Always Raves Over It!! #Recipe",Dutch Butter Cake (Boterkoek) — Authentic Dutch Butter Cake Recipe,3.53744E+17,720,https://i.pinimg.com/originals/ac/7a/bd/ac7abd0d46035dec0ef16b3d29d1a525.jpg,480,FALSE,FALSE,FALSE,FALSE,FALSE,FALSE,FALSE,FALSE,TRUE,http://www.kevinandamanda.com/recipes/dessert/dutch-butter-cake.html,USD,0,bellinthewoods,FALSE,https://www.pinterest.com/bellinthewoods
0,26864,3.53744E+17,https://i.pinimg.com/upload/353743814420361951_board_thumbnail_2016-05-19-06-02-48_16005_60.jpg,FALSE,Sweet breakfasts,/bellinthewoods/sweet-breakfasts/,,"Sun, 21 Jun 2015 19:36:20 +0000",cronuts - a cross between croissants and donuts,cronuts - a cross between croissants and donuts,saltandsmokefood.com,Cronuts - A Cross Between Croissants And Donuts,saltandsmokefood.com,3.53744E+17,897,https://i.pinimg.com/originals/9d/50/ed/9d50edf066bc088aa33c24010d4648ac.jpg,865,FALSE,FALSE,FALSE,FALSE,FALSE,TRUE,FALSE,FALSE,TRUE,http://saltandsmokefood.com/buttermilk-vanilla-glazed-croissant-donuts/,USD,0,bellinthewoods,FALSE,https://www.pinterest.com/bellinthewoods
2,136427,3.53744E+17,https://i.pinimg.com/upload/353743814420361951_board_thumbnail_2016-05-19-06-02-48_16005_60.jpg,FALSE,Sweet breakfasts,/bellinthewoods/sweet-breakfasts/,,"Sun, 21 Jun 2015 18:56:55 +0000","These rolls can be made the night before, refrigerator overnight and bake the following morning ~ via Brunch Recipes from The Kitchn","These rolls can be made the night before, refrigerator overnight and bake the following morning ~ via Brunch Recipes from The Kitchn",thekitchn.com,"These Rolls Can Be Made The Night Before, Refrigerator Overnight And Bake The Following Morning ~ Via Brunch Recipes From The Kitchn",Sticky Lemon Rolls with Lemon Cream Cheese Glaze,3.53744E+17,815,https://i.pinimg.com/originals/0a/90/6b/0a906b6cc93c85cd11dcdd89a5b24779.jpg,540,FALSE,FALSE,FALSE,FALSE,FALSE,TRUE,FALSE,FALSE,TRUE,http://www.thekitchn.com/recipe-sticky-lemon-rolls-with-lemon-cream-cheese-glaze-recipes-from-the-kitchn-111307,USD,0,bellinthewoods,FALSE,https://www.pinterest.com/bellinthewoods
2,18946,3.53744E+17,https://i.pinimg.com/upload/353743814420368223_board_thumbnail_2016-06-30-20-20-21_49735_60.jpg,FALSE,Afternoon Treats,/bellinthewoods/afternoon-treats/,,"Mon, 08 Jun 2015 01:12:20 +0000","Raspberry Rhubarb Slab Pie Made these tonight. Didn't have any raspberries so used only rhubarb, cut the sugar back to 1 cup in the filling and used whole wheat flour. Absolutely delicious!!","Raspberry Rhubarb Slab Pie Made these tonight. Didn&#39;t have any raspberries so used only rhubarb, cut the sugar back to 1 cup in the filling and used whole wheat flour. Absolutely delicious!!",crumbsandchaos.net,"Raspberry Rhubarb Slab Pie Made These Tonight. Didn'T Have Any Raspberries So Used Only Rhubarb, Cut The Sugar Back To 1 Cup In The Filling And Used Whole Wheat Flour. Absolutely Delicious!!",Raspberry Rhubarb Slab Pie,3.53744E+17,400,https://i.pinimg.com/originals/f3/75/68/f375686ac87a7e1adde165635130a668.jpg,267,FALSE,FALSE,FALSE,FALSE,FALSE,TRUE,FALSE,FALSE,TRUE,http://www.crumbsandchaos.net/2012/04/raspberry-rhubarb-slab-pie/,USD,0,bellinthewoods,FALSE,https://www.pinterest.com/bellinthewoods
0,512,3.53744E+17,https://i.pinimg.com/upload/353743814420361956_board_thumbnail_2016-05-19-05-55-38_98212_60.jpg,FALSE,Savory breakfasts,/bellinthewoods/savory-breakfasts/,,"Sun, 07 Jun 2015 05:42:29 +0000",Lemon and Basil Eggs over Foccacia recipe from Giada De Laurentiis via Food Network,Lemon and Basil Eggs over Foccacia recipe from Giada De Laurentiis via Food Network,foodnetwork.com,Lemon And Basil Eggs Over Foccacia Recipe From Giada De Laurentiis Via Food Network,Lemon and Basil Eggs over Foccacia,3.53744E+17,478,https://i.pinimg.com/originals/69/4b/49/694b4932a8722266d267e54390777e76.jpg,706,FALSE,FALSE,FALSE,FALSE,FALSE,FALSE,FALSE,FALSE,TRUE,http://www.foodnetwork.com/recipes/giada-de-laurentiis/lemon-and-basil-eggs-over-foccacia-recipe.html?soc=socialsharingpinterest,USD,0,bellinthewoods,FALSE,https://www.pinterest.com/bellinthewoods
2,85880,3.53744E+17,https://i.pinimg.com/upload/353743814420361951_board_thumbnail_2016-05-19-06-02-48_16005_60.jpg,FALSE,Sweet breakfasts,/bellinthewoods/sweet-breakfasts/,,"Sat, 06 Jun 2015 03:34:09 +0000",Old-Fashioned Sour Cream Doughnuts - just like at your favorite bakery!! No yeast!,Old-Fashioned Sour Cream Doughnuts - just like at your favorite bakery!! No yeast!,handletheheat.com,Old-Fashioned Sour Cream Doughnuts - Just Like At Your Favorite Bakery!! No Yeast!,Old-Fashioned Sour Cream Doughnuts,3.53744E+17,1829,https://i.pinimg.com/originals/79/bc/f1/79bcf178b903ca42a3a0c079a2d2d6a1.jpg,533,FALSE,FALSE,FALSE,FALSE,FALSE,TRUE,FALSE,FALSE,TRUE,http://www.handletheheat.com/old-fashioned-sour-cream-doughnuts/,USD,0,bellinthewoods,FALSE,https://www.pinterest.com/bellinthewoods
0,19,3.53744E+17,https://i.pinimg.com/upload/353743814420338443_board_thumbnail_2016-05-19-05-14-52_81763_60.jpg,FALSE,Upkeep!,/bellinthewoods/upkeep/,,"Mon, 01 Jun 2015 00:15:44 +0000",Clug Clip Hanging Bike Rack,Clug Clip Hanging Bike Rack,store.dwell.com,Clug Clip Hanging Bike Rack,Smart Shopping for the Design Obsessed,3.53744E+17,265,https://i.pinimg.com/originals/37/67/be/3767be2465563a72e8ec7fba1134aed9.jpg,265,FALSE,FALSE,FALSE,FALSE,FALSE,FALSE,FALSE,FALSE,TRUE,http://store.dwell.com/clug-clip-hanging-bike-rack.html?___SID=U,USD,0,bellinthewoods,FALSE,https://www.pinterest.com/bellinthewoods
13,118383,3.53744E+17,https://i.pinimg.com/upload/353743814420361951_board_thumbnail_2016-05-19-06-02-48_16005_60.jpg,FALSE,Sweet breakfasts,/bellinthewoods/sweet-breakfasts/,,"Wed, 27 May 2015 16:12:16 +0000",This Blueberry Lemon Crescent Ring is perfect for breakfast or brunch. This is an easy and tasty treat for any time of day. the-girl-who-ate-everything.com,"This Blueberry Lemon Crescent Ring is perfect for breakfast or brunch. This is an easy and tasty treat for any time of day. <a href=""http://the-girl-who-ate-everything.com"" rel=""nofollow"" target=""_blank"">the-girl-who-ate-...</a>",the-girl-who-ate-everything.com,This Blueberry Lemon Crescent Ring Is Perfect For Breakfast Or Brunch. This Is An Easy And Tasty Treat For Any Time Of Day. The-Girl-Who-Ate-Everything.Com,Blueberry Lemon Crescent Ring - The Girl Who Ate Everything,3.53744E+17,3027,https://i.pinimg.com/originals/75/28/35/7528357d8536ee9b6da154046b8ffa11.jpg,775,FALSE,FALSE,FALSE,FALSE,FALSE,TRUE,FALSE,FALSE,TRUE,http://www.the-girl-who-ate-everything.com/2015/05/blueberry-lemon-crescent-ring.html,USD,0,bellinthewoods,FALSE,https://www.pinterest.com/bellinthewoods
0,1034,3.53744E+17,https://i.pinimg.com/upload/353743814420361956_board_thumbnail_2016-05-19-05-55-38_98212_60.jpg,FALSE,Savory breakfasts,/bellinthewoods/savory-breakfasts/,,"Fri, 22 May 2015 03:47:29 +0000","Baked Eggs with Tomatoes, Parmesan and Cream, ready in just 15 minutes","Baked Eggs with Tomatoes, Parmesan and Cream, ready in just 15 minutes",adorefoods.com,"Baked Eggs With Tomatoes, Parmesan And Cream, Ready In Just 15 Minutes","Baked Eggs with Tomatoes, Parmesan and Cream",3.53744E+17,884,https://i.pinimg.com/originals/c7/26/d7/c726d7885f7d85102854e601505fbdff.jpg,680,FALSE,FALSE,FALSE,FALSE,FALSE,TRUE,FALSE,FALSE,TRUE,http://www.adorefoods.com/baked-eggs-with-tomatoes-parmesan-and-cream/?pp=1,USD,0,bellinthewoods,FALSE,https://www.pinterest.com/bellinthewoods
2,32838,3.53744E+17,https://i.pinimg.com/upload/353743814420361956_board_thumbnail_2016-05-19-05-55-38_98212_60.jpg,FALSE,Savory breakfasts,/bellinthewoods/savory-breakfasts/,,"Fri, 22 May 2015 03:45:23 +0000","Red Pepper and Baked Egg Galettes is a grown up version of ""toad in a hole"" using a puff pastry sheet, smeared with a bit of sour cream, topped with roasted red peppers and red onions (oh my!) and a fresh egg plopped on top. Great for a brunch dish","Red Pepper and Baked Egg Galettes is a grown up version of &quot;toad in a hole&quot; using a puff pastry sheet, smeared with a bit of sour cream, topped with roasted red peppers and red onions (oh my!) and a fresh egg plopped on top. Great for a brunch dish",theviewfromgreatisland.com,"Red Pepper And Baked Egg Galettes Is A Grown Up Version Of ""Toad In A Hole"" Using A Puff Pastry Sheet, Smeared With A Bit Of Sour Cream, Topped With Roasted Red Peppers And Red Onions (Oh My!) And A Fresh Egg Plopped On Top. Great For A Brunch Dish",Ottolenghi's Red Pepper and Baked Egg Galettes,3.53744E+17,980,https://i.pinimg.com/originals/cb/75/e1/cb75e1f1e8fb8b75a7c8c01b8b265124.jpg,651,FALSE,FALSE,FALSE,FALSE,FALSE,TRUE,FALSE,FALSE,TRUE,http://theviewfromgreatisland.com/2013/01/red-pepper-and-baked-egg-galettes-from-jerusalem-the-book.html,USD,0,bellinthewoods,FALSE,https://www.pinterest.com/bellinthewoods
11,108203,3.53744E+17,https://i.pinimg.com/upload/353743814420361956_board_thumbnail_2016-05-19-05-55-38_98212_60.jpg,FALSE,Savory breakfasts,/bellinthewoods/savory-breakfasts/,,"Fri, 22 May 2015 03:45:04 +0000","Shredded hash browns and cheese nests baked until crispy topped with a baked eggs, crumbled bacon and more cheese. Served with chilled avocado slices.","Shredded hash browns and cheese nests baked until crispy topped with a baked eggs, crumbled bacon and more cheese. Served with chilled avocado slices.",thecookingjar.com,"Shredded Hash Browns And Cheese Nests Baked Until Crispy Topped With A Baked Eggs, Crumbled Bacon And More Cheese. Served With Chilled Avocado Slices.",Hash Brown Egg Nests with Avocado,3.53744E+17,1024,https://i.pinimg.com/originals/56/65/67/566567cf0b28e7ab23b599b95f95ec60.jpg,683,FALSE,FALSE,FALSE,FALSE,FALSE,TRUE,FALSE,FALSE,FALSE,http://www.thecookingjar.com/hash-brown-egg-nests-with-avocado/,USD,0,bellinthewoods,FALSE,https://www.pinterest.com/bellinthewoods
1,101934,3.53744E+17,https://i.pinimg.com/upload/353743814420361956_board_thumbnail_2016-05-19-05-55-38_98212_60.jpg,FALSE,Savory breakfasts,/bellinthewoods/savory-breakfasts/,,"Fri, 22 May 2015 03:33:29 +0000",Italian Baked Eggs - You’ll never believe that these marinara cheesy baked eggs can be made in just 10 minutes for a complete breakfast!,Italian Baked Eggs - You’ll never believe that these marinara cheesy baked eggs can be made in just 10 minutes for a complete breakfast!,damndelicious.net,Italian Baked Eggs - You’Ll Never Believe That These Marinara Cheesy Baked Eggs Can Be Made In Just 10 Minutes For A Complete Breakfast!,Italian Baked Eggs - Damn Delicious,3.53744E+17,3000,https://i.pinimg.com/originals/9a/5b/fa/9a5bfac178ea7b9782551dad5cd0c54d.jpg,811,FALSE,FALSE,FALSE,FALSE,FALSE,TRUE,FALSE,FALSE,TRUE,http://damndelicious.net/2013/11/11/italian-baked-eggs/,USD,0,bellinthewoods,FALSE,https://www.pinterest.com/bellinthewoods
0,8428,3.53744E+17,https://i.pinimg.com/upload/353743814420361951_board_thumbnail_2016-05-19-06-02-48_16005_60.jpg,FALSE,Sweet breakfasts,/bellinthewoods/sweet-breakfasts/,,"Fri, 22 May 2015 03:31:30 +0000",Rhubarb Rolls   Syrup:  2 cups sugar  2 cups water    Biscuit Dough:  3 cups flour  3 tsp baking powder  1/2 tsp salt  1/3 cup sugar  1/2 cup shortening  1 cups milk,Rhubarb Rolls   Syrup:  2 cups sugar  2 cups water    Biscuit Dough:  3 cups flour  3 tsp baking powder  1/2 tsp salt  1/3 cup sugar  1/2 cup shortening  1 cups milk,beantownbaker.com,Rhubarb Rolls   Syrup:  2 Cups Sugar  2 Cups Water    Biscuit Dough:  3 Cups Flour  3 Tsp Baking Powder  1/2 Tsp Salt  1/3 Cup Sugar  1/2 Cup Shortening  1 Cups Milk,Rhubarb Rolls,3.53744E+17,400,https://i.pinimg.com/originals/5a/23/84/5a2384dffc9055a0f421712f6f76acfa.jpg,266,FALSE,FALSE,FALSE,FALSE,FALSE,TRUE,FALSE,FALSE,TRUE,http://www.beantownbaker.com/2009/05/rhubarb-rolls.html,USD,0,bellinthewoods,FALSE,https://www.pinterest.com/bellinthewoods
2,5518,3.53744E+17,https://i.pinimg.com/upload/353743814420361951_board_thumbnail_2016-05-19-06-02-48_16005_60.jpg,FALSE,Sweet breakfasts,/bellinthewoods/sweet-breakfasts/,,"Fri, 22 May 2015 03:31:21 +0000",Rhubarb Vanilla Bean Scones | completelydelicious.com,"Rhubarb Vanilla Bean Scones | <a href=""http://completelydelicious.com"" rel=""nofollow"" target=""_blank"">completelydelicio...</a>",completelydelicious.com,Rhubarb Vanilla Bean Scones | Completelydelicious.Com,Rhubarb Vanilla Bean Scones,3.53744E+17,800,https://i.pinimg.com/originals/2c/08/05/2c0805a6d55933ae0664fb3e10c23a1d.jpg,600,FALSE,FALSE,FALSE,FALSE,FALSE,TRUE,FALSE,FALSE,TRUE,http://www.completelydelicious.com/2015/04/rhubarb-vanilla-bean-scones.html,USD,0,bellinthewoods,FALSE,https://www.pinterest.com/bellinthewoods
1,11909,3.53744E+17,https://i.pinimg.com/upload/353743814420361951_board_thumbnail_2016-05-19-06-02-48_16005_60.jpg,FALSE,Sweet breakfasts,/bellinthewoods/sweet-breakfasts/,,"Fri, 22 May 2015 03:30:51 +0000","Strawberry Rhubarb Scones by Heather Christo, via Flickr","Strawberry Rhubarb Scones by Heather Christo, via Flickr",heatherchristo.com,"Strawberry Rhubarb Scones By Heather Christo, Via Flickr",Strawberry Rhubarb Scones - Heather Christo,3.53744E+17,640,https://i.pinimg.com/originals/84/d1/8f/84d18f5de0e30e10e3c65f057edf5d2c.jpg,427,FALSE,FALSE,FALSE,FALSE,FALSE,TRUE,FALSE,FALSE,TRUE,http://heatherchristo.com/cooks/2014/03/25/strawberry-rhubarb-scones/#comment-187775,USD,0,bellinthewoods,FALSE,https://www.pinterest.com/bellinthewoods
0,4011,3.53744E+17,https://i.pinimg.com/upload/353743814420361951_board_thumbnail_2016-05-19-06-02-48_16005_60.jpg,FALSE,Sweet breakfasts,/bellinthewoods/sweet-breakfasts/,,"Fri, 22 May 2015 03:30:41 +0000",Strawberry Rhubarb Coffee Cake Recipe ~ Classic Coffee Cake made extraordinary with a layer of strawberry rhubarb filling and a brown sugar cinnamon crumb topping. Perfect for brunch or dessert.,Strawberry Rhubarb Coffee Cake Recipe ~ Classic Coffee Cake made extraordinary with a layer of strawberry rhubarb filling and a brown sugar cinnamon crumb topping. Perfect for brunch or dessert.,serenabakessimplyfromscratch.com,Strawberry Rhubarb Coffee Cake Recipe ~ Classic Coffee Cake Made Extraordinary With A Layer Of Strawberry Rhubarb Filling And A Brown Sugar Cinnamon Crumb Topping. Perfect For Brunch Or Dessert.,Strawberry Rhubarb Coffee Cake,3.53744E+17,650,https://i.pinimg.com/originals/57/9a/ee/579aeeb144c3f0fe28228ff6b50da881.jpg,350,FALSE,FALSE,FALSE,FALSE,FALSE,TRUE,FALSE,FALSE,TRUE,http://www.serenabakessimplyfromscratch.com/2014/05/strawberry-rhubarb-coffee-cake.html#more,USD,0,bellinthewoods,FALSE,https://www.pinterest.com/bellinthewoods
7,9890,3.53744E+17,https://i.pinimg.com/upload/353743814420361951_board_thumbnail_2016-05-19-06-02-48_16005_60.jpg,FALSE,Sweet breakfasts,/bellinthewoods/sweet-breakfasts/,,"Fri, 22 May 2015 03:28:11 +0000",Rhoda Reviews: Ginger Rhubarb Muffins,Rhoda Reviews: Ginger Rhubarb Muffins,jamieoliver.com,Rhoda Reviews: Ginger Rhubarb Muffins,Rhubarb & Ginger Muffins | Fruit Recipes | Jamie Oliver Recipes,3.53744E+17,320,https://i.pinimg.com/originals/46/9a/bf/469abf771c7372738444db5977e6862a.jpg,213,FALSE,FALSE,FALSE,FALSE,FALSE,TRUE,FALSE,FALSE,TRUE,http://www.jamieoliver.com/recipes/fruit-recipes/mother-s-day-rhubarb-and-ginger-muffins,USD,0,bellinthewoods,FALSE,https://www.pinterest.com/bellinthewoods
